Transcript,locations,State,District,Subdistrict
बिलासपुर में रहता हूं मैं छत्तीसगढ़ में रहता हूं,बिलासपुर बिलासपुर छत्तीसगढ़ ,,,
मैं यूपी में रहता हूं जिला सोनभद्र में आशीष कुमार गुप्ता मेरा नाम है,"यूपी ,सोनभद्र ,",,,
प्रयागराज,"प्रयागराज ,",,,
जिला बिजनौर उत्तर प्रदेश,"बिजनौर उत्तर प्रदेश ,",,,
नैनो की बात नैना जाने है,,,,
डिस्ट्रिक्ट कौशांबी उत्तर प्रदेश,"कौशांबी उत्तर प्रदेश ,",,,
मेरा नाम के दिन पड़ा ग्राम पोस्ट सिरौली थाना विजयपुर जिला समस्तीपुर शौचालय शौचालय प्रधानमंत्री शौचालय बनवाते हैं उनका मुख से मां का वीडियो लोग से करा लो लेकिन वह 3025 पर वोट मांगते हैं इस कारण,"विजयपुर जिला समस्तीपुर ,",,,
महाकाल पिया कटिया में रामनगर करवाना पर बोल रहे हैं रास्ते में जाने से क्या फायदा,"रामनगर ,",,,
बिहार जमुई जिला गिद्धौर प्रखंड का पंचायत का चुनाव,"बिहार जमुई जिला गिद्धौर प्रखंड ,",,,
लाइव उत्तर प्रदेश जिला बांदा का लिखवा चमेली चौराहा में रहता हूं शनिवार को एकदम,"लाइव उत्तर प्रदेश ,बांदा ,",,,
मायापुर,,,,
उधम सिंह नगर उत्तराखंड नमस्कार मैं सत्यम सिंह  जिला उधम उधम सिंह नगर उत्तराखंड के रहने वाला हूं मैं यह कार्यक्रम की चर्चा मंच पर,"नगर उत्तराखंड ,जिला ,नगर उत्तराखंड",,,
मैं अजमेर जिले में रहता हूं मेरा नाम बिना है,"अजमेर ,",,,
वेस्ट बेंगल अटेंशन पार्ट वन,,,,
मैं बहुत दूर हूं मैं घुमिया सॉन्ग  हेलो हेलो हेलो हेलो  नागपुर में रहता हूं पढ़ने जाता हूं,"नागपुर ,",,,
बेवफा नगर के 24 गांव में रहता हूं  मेरा नाम अशरफ अंसारी,"बेवफा ,",,,
जिला प्रतापगढ़ यूपी,"जिला प्रतापगढ़ यूपी ,",,,
उत्तर प्रदेश बी एच यू वाराणसी,"उत्तर प्रदेश ,एच ,वाराणसी ,",,,
उना हिमाचल प्रदेश,"उना हिमाचल प्रदेश ,",,,
नाम पंकज कुमार जिला मुजफ्फरपुर प्रशासन द्वारा टेस्ट,"पंकज कुमार जिला मुजफ्फरपुर ,",,,
लंदन जम्मू-कश्मीर में रहती और मेरे जिला का नाम कट हुआ है,"लंदन जम्मू - कश्मीर ,",,,
मेरा नाम का जनरेटर में उत्तराखंड के जिला अल्मोड़ा,"उत्तराखंड ,अल्मोड़ा ,",,,
मैं भागलपुर जिले के अकबरनगर लकवा में रहता हूं जो बिहार में पड़ता है,"भागलपुर जिले , बिहार ,",,,
काशीपुर काशीपुर जिला उधम सिंह नगर माय नेम इज आरती,"काशीपुर काशीपुर जिला ,",,,
हेलो मेरा नाम सोनिया है मैं ग्राम में है कि मैं चाहती हूं,,,,
मध्य प्रदेश,"मध्य प्रदेश ,",,,
मैं दशरथ महतो नई दिल्ली झारखंड से हूं मेरा घर एक गांव में है,"दिल्ली झारखंड ,",,,
एमआई जिले का नाथू सिंह वाले राज्य का नाम में मध्य प्रदेश,"मध्य प्रदेश ,",,,
रामायण,,,,
हेलो मनीषा मंदिर रोड की रहने वाली हूं मेरी उम्र है 12 साल में कुछ भी कर सकती हूं धन्यवाद,,,,
राजस्थान,"राजस्थान ,",,,
नारायण भगवान के वॉलपेपर,,,,
हेलो,,,,
मास्टर कांगड़ा,"कांगड़ा ,",,,
इलाहाबाद इलाहाबाद में रहती हूं मकान में 14 साल में काली गुलामी,"इलाहाबाद इलाहाबाद ,",,,
स्पेशल यूपी मध्य प्रदेश  जबलपुर मध्य प्रदेश,"स्पेशल यूपी मध्य प्रदेश , जबलपुर मध्य प्रदेश ,",,,
जिला लखीसराय बिहार,"लखीसराय बिहार ,",,,
सीमलवाडा तहसील राजस्थान,"राजस्थान ,",,,
झारखंड दीवान डी में  झारखंड दिवाली में,"झारखंड ,झारखंड ,",,,
जिला उधम सिंह नगर उत्तराखंड राज्य,"उधम सिंह ,उत्तराखंड ,",,,
96 जम्मू में रहती हूं और मेरा घर प्रिंट नगर प्लेस में है,"जम्मू ,",,,
मैं जिला बस्तर छत्तीसगढ़ में रहता हूं और मैं पढ़ाई करता हूं मैं अग्रवाल में ब्लाइंड स्कूल में पढ़ाई करता हूं मेरा नाम सुखदेव जैसे,"बस्तर छत्तीसगढ़ ,",,,
हमारा नाम नानू लाल रंगीला राम मोदी समाज जिला सोनभद्र उत्तर प्रदेश में हम रहते हैं  और शौचालय के बारे में बिल्कुल हम तर्क सही से इस्तेमाल करते भी हैं सब,"सोनभद्र उत्तर प्रदेश ,",,,
दीवार,,,,
विश्व युवा कौशल जीवन,,,,
आप बॉय हो रहे हैं कृपया पीछा किया बिल पेमेंट करने के लिए क्यों साथ साथ,,,,
उना हिमाचल प्रदेश,"उना हिमाचल प्रदेश ,",,,
मैं छत्तीसगढ़ बिलासपुर में रहता हूं सरकंडा बंगाली पारा बिलासपुर,"छत्तीसगढ़ बिलासपुर ,बिलासपुर ,",,,
जिला बनारस,"बनारस ,",,,
मैं सेना हूं मेरा घर है उसकी पुरानी,,,,
मैं सिद्धेश अभियान जिला का छत्तीसगढ़ में रहने वाला हूं ब्लाइंड स्कूल आरा वालों में पढ़ाई करता हूं मैं नवी कक्षा में पढ़ाई करता हूं अरे नाम और गांव जिला,"जिला ,छत्तीसगढ़ ,आरा ,जिला ",,,
बिहार  बिहार,"बिहार ,  बिहार",,,
बीकानेर राजस्थान बीकानेर राजस्थान,"बीकानेर राजस्थान , बीकानेर राजस्थान",,,
हेलो हां मैं दिनेश कुमार बोल रहा हूं और मैं उत्तर प्रदेश से कासगंज जिले का रहने वाला हूं और प्रकाशन जीने लगा हूं बस एक दिनेश नाम है मेरा,"उत्तर प्रदेश ,कासगंज जिले ,",,,
नागपुर,"नागपुर ,",,,
आई एम 1m अजरुदीन फ्रॉम हैदराबाद सिटी,"हैदराबाद ,",,,
विजय कुमार गौतम ग्राम मुरली पोस्ट तहसील उतरौला बलरामपुर यूपी,"बलरामपुर यूपी ,",,,
खरगोन मध्य प्रदेश खरगोन मध्य प्रदेश,"खरगोन मध्य प्रदेश खरगोन मध्य प्रदेश ,",,,
कर्नाटक,"कर्नाटक ,",,,
बरेली उत्तर प्रदेश बरेली उत्तर प्रदेश,"बरेली उत्तर प्रदेश , बरेली उत्तर प्रदेश",,,
हवेली खड़कपुर प्रखंड सासाराम का समाचार,"सासाराम ,",,,
मेरा नाम विद्यालय में त्रिपुरा में रहता हूं इस सब के प्रोग्राम है कि वह के अनुसार से उत्पन्न होता है जो अपने शरीर का इज्जत कर,"त्रिपुरा ,",,,
बिहार जम्मू एंड कश्मीर  जम्मू एंड कश्मीर जम्मू एंड कश्मीर,"बिहार जम्मू एंड कश्मीर , जम्मू ,कश्मीर , जम्मू ,कश्मीर ,",,,
मैं त्रिपुरा का रहने वाला हूं त्रिपुरा की राजधानी अगरतला में रहने वाला हूं अगरतला का रहने वाला है,"त्रिपुरा ,त्रिपुरा ,अगरतला ,अगरतला ,",,,
अमन कुमार हिसार हरियाणा  हिसार हरियाणा,"कुमार हिसार हरियाणा ,  हिसार हरियाणा",,,
रितिका सुंदर नागपुर महाराष्ट्र,"नागपुर महाराष्ट्र ,",,,
मेरा नाम समीर है ना कि मेरे गांव का नाम जिला देवरिया,"देवरिया ,",,,
मध्य प्रदेश चुनाव की मध्य प्रदेश चुनाव की,"मध्य प्रदेश , मध्य प्रदेश ,",,,
मेरा नाम राहुल कुमार यादव ग्राम नगरिया का बांध डिस्ट्रिक्ट इटावा में गांव में गांव का निवासी था,"इटावा ,",,,
जोड़ी गांव के  बेगू जिले के गुजरी गांव में रहती हूं तालुके जिला का तालुका भुज और गांव,"बेगू , भुज ,",,,
नमस्कार मेरा नाम है भोला यादव जिला मधुबनी स्टेट बिहार गांव की पट्टी थाना राजनगर और ना ही कासगंज भी लेते चलना ही कार्यक्रम से लेकर आया है जवानी तू कुछ भी कर सकता हूं एपिसोड में जो कार्यक्रम को बहुत आगे और मैं,"मधुबनी ,बिहार ,राजनगर ,कासगंज ,",,,
रेस्पेक्ट है और एक सीरियल है बहुत ही बढ़िया है मैं नागपुर से महाराष्ट्र के नागपुर से बात कर रही हूं मुझे पहचाना खत्री हूं इसलिए जो लोग स्वच्छता को नहीं समझते इसके लिए बहुत ही अच्छी है,"नागपुर ,महाराष्ट्र ,नागपुर ,",,,
पंजीम गोवा पंजीम गोवा,"गोवा ,गोवा ,",,,
मुजफ्फरपुर बिहार मुजफ्फरपुर बिहार,"मुजफ्फरपुर बिहार , मुजफ्फरपुर बिहार",,,
हम वारंगल तेलंगाना में रहते हैं उसका नाम है हमारा,"वारंगल तेलंगाना ,",,,
जिला रामपुर यूपी रामपुर यूपी में अंतर जिला रामपुर राज्य उत्तर प्रदेश,"जिला रामपुर यूपी , रामपुर यूपी , रामपुर ,उत्तर प्रदेश ,",,,
हेलो  सिका स्कूल गोमती नगर में रहते हैं,"गोमती ,",,,
नए साल के नगर चंद्रपुर महाराष्ट्र में रहता हूं मेरा नाम है  माय फेवरेट,"चंद्रपुर महाराष्ट्र ,",,,
जौनपुर,"जौनपुर ,",,,
जमुई जिला बिहार राज्य,"जमुई जिला बिहार ,",,,
मैं कानपुर देहात में बैरी सवाई ग्रेजुएशन वक्त की आवाज के पास में रहता हूं या राम बोलो भाई सवाई में रहता हूं,"कानपुर ,",,,
राम,,,,
कश्मीर जिला कुंवारा  कश्मीर बिलासिपारा,"कश्मीर , कश्मीर ,",,,
मधुबनी जिला बावरी कथा का पहला पंचायत,"मधुबनी ,",,,
हेलो हां मैं एमपी जबलपुर से बोल रही हूं मेरा नाम को संबंध है,"जबलपुर ,",,,
बनारस वाराणसी गुलरिया  सेक्सी,"बनारस वाराणसी ,",,,
प्रयागराज में रहते हैं  मेरा घर पर आ जाए  प्रयागराज,"प्रयागराज , प्रयागराज ,",,,
हम मध्य प्रदेश मध्य प्रदेश के पिपरिया शहर में रहते हैं,"मध्य प्रदेश मध्य प्रदेश ,पिपरिया ,",,,
कर्नाटक राज्य से गजल जिला,"कर्नाटक ,",,,
खतरों के खिलाड़ी,,,,
राजस्थान में चुरू जिले में सॉन्ग गोपाल,"राजस्थान ,चुरू ,",,,
दक्षिण दिनाजपुर पश्चिम बंगाल,"दक्षिण दिनाजपुर पश्चिम बंगाल ,",,,
सिरोही,"सिरोही ,",,,
नेत्रपाल हूं मैं त्रिपुरा स्टेट अगरतला जिला से बोल रहा हूं इस हफ्ते का जवाब है कि वह के अनुसार शबनम वह होता है जो अपने शरीर का,"अगरतला जिला ,",,,
विच बेंगलुरु उत्तर प्रदेश  वेस्ट बंगाल जलपाईगुड़ी,"बेंगलुरु उत्तर प्रदेश , वेस्ट बंगाल जलपाईगुड़ी ",,,
उत्तर प्रदेश जिला बरेली कस्बा सॉन्ग,"उत्तर प्रदेश ,बरेली ,",,,
कानपुर उत्तर प्रदेश,"कानपुर उत्तर प्रदेश ,",,,
अशोक बिहार छपरा जिला में जाते हैं,"अशोक बिहार छपरा जिला ,",,,
हम गाजीपुर उत्तर प्रदेश में रहते हैं,"गाजीपुर उत्तर प्रदेश ,",,,
क्लिक टू देहरादून उत्तराखंड,"देहरादून उत्तराखंड ,",,,
विजयपुर जिला शिवपुर  ऐसी जगह पर गिलास लेकर,"विजयपुर ,शिवपुर ,",,,
कूल कूल,,,,
देशराज हिमाचल प्रदेश डिस्ट्रिक्ट कांगड़ा  देशराज हिमाचल,"देशराज हिमाचल प्रदेश ,कांगड़ा ,",,,
नागपुर  महाराष्ट्र,"नागपुर ,  महाराष्ट्र",,,
बनारस,"बनारस ,",,,
हेलो मेरा नाम अभिषेक उनकी शक्ल वाले चुनाव रगड़गंज नागपुर में रहता हूं पिन कोड 44000 अट,"नागपुर ,",,,
उत्तर प्रदेश का राजकीय फूल,"उत्तर प्रदेश ,",,,
मैं बिलासपुर से बोल रहा हूं छत्तीसगढ़,"बिलासपुर , छत्तीसगढ़",,,
मैं गुलबर्गा कर्नाटक में,"गुलबर्गा कर्नाटक ,",,,
नया रायपुर छत्तीसगढ़ पिन कोड 492101,"रायपुर छत्तीसगढ़ ,",,,
मेरा नाम है और मेरा बिहार राज्य में रहता हूं और मेरा जिला छपरा सारण और मेरे गांव का नाम शीतलपुर कोठी है धन्यवाद,"बिहार ,छपरा सारण ,",,,
डूंगर व्यासपीठ,,,,
अमित वीडियो चकाई प्रखंड के अंतर्गत आता है,,,,
मैं राजनांदगांव छत्तीसगढ़ में रहता हूं,"राजनांदगांव छत्तीसगढ़ ,",,,
मेरा नाम इश्क का सिला है उत्तर प्रदेश के रहने वाले मेरे छोटे लाल है,"उत्तर प्रदेश ,",,,
मार्केट,,,,
छायावाद बिहार,"छायावाद बिहार ,",,,
कुसमरा गांव में रहते हैं गोरा जी गए थे  मध्य प्रदेश के गुना जिले की कुछ होना नामक गांव में रहते हैं,"मध्य प्रदेश ,",,,
दिलबर के बोरा वाली गाड़ी,,,,
मेरा नाम बताने का ग्राम इटावा डिस्ट्रिक्ट बांदा पिथौरा ब्लाक कमासिन तहसील बबेरू उत्तर प्रदेश स्टेट धन्यवाद,"इटावा ,बांदा ,उत्तर प्रदेश ,",,,
कानपुर देहात में रहती हूं मेरा गांव के नाम मेरा दिल चुरा,"कानपुर देहात ,",,,
मैं जबलपुर में रहती हूं,"जबलपुर ,",,,
हेलो,,,,
जबलपुर मध्य प्रदेश जबलपुर मध्य प्रदेश,"जबलपुर मध्य प्रदेश जबलपुर मध्य प्रदेश ,",,,
बोकारो झारखंड,"बोकारो झारखंड ,",,,
लखनऊ उत्तर प्रदेश,"लखनऊ उत्तर प्रदेश ,",,,
हेलो अंतर्गत की बात कर रहे हैं हमारा नाम है विनोद भाई मेवाड़ी  हम चार जने हैं घर में बहुत अच्छा लगता है धारावाहिक मैं कुछ कर सकती हूं बहुत अच्छा लगता है,,,,
धन्यवाद रोहित कुमार यादव  मैं फिलहाल वाराणसी,"वाराणसी ,",,,
नागपुर महाराष्ट्र,"नागपुर महाराष्ट्र ,",,,
ग्राम पुरवा  ग्राम पर दिन भर के पुरवा,,,,
महाराष्ट्र  डॉक्टर से बात करनी है मुझे कुछ सवालों के जवाब  इस मीडियम से बात कर रही है,"महाराष्ट्र ,",,,
हेलो मेरा नाम विकास राठौड़ और जिला आगरा में रहता हूं,"राठौड़ ,आगरा ,",,,
जयपुर राजस्थान  जयपुर जिला जयपुर राजस्थान और कोड नंबर 304,"जयपुर राजस्थान , जयपुर जिला जयपुर राजस्थान ",,,
हेलो  सांवली सूरत,,,,
हेलो समसपुर में रहती हूं,,,,
मेरा बाप हेमंत शर्मा है मैं राजस्थान से हूं और मैं अलवर जिले के गांव सीता राम में सीता राम के नंगे में रहता हूं तहसील कठूमर तहसील पोस्ट तहसील कठूमर पोस्ट बेरी,"राजस्थान ,अलवर ,",,,
एलोवेरा जेल से बात कर रहा हूं,,,,
जिला कन्नौज स्टेशन,"कन्नौज ,",,,
मैर्केल जबलपुर,"जबलपुर ,",,,
उत्तर प्रदेश लखनऊ,"उत्तर ,लखनऊ ,",,,
जी मैं कश्मीर मैन दुर्बल में रहती हूं,"कश्मीर ,",,,
शंकरलाल राव आज का दाना दाना धार जिला सिरमौर हिमाचल प्रदेश  मैं कुछ भी कर सकती हूं धारावाहिक के माध्यम से सतना के लिए मेरा या संदेश रहेगा कि देश के सभी सभी,"हिमाचल प्रदेश , सतना ,",,,
स्टार प्लस,,,,
माय नेम इज वीरेंद्र कुमार फ्रॉम हमीरपुर माई ग्रामीण रीवा डिस्टिक हमीरपुर में अति उत्तम है,"वीरेंद्र कुमार फ्रॉम हमीरपुर ,रीवा ,हमीरपुर ,",,,
हेलो हेलो,,,,
रेडी B.Ed की,,,,
जिला सिवान राज बिहार,"सिवान ,सिवान राज बिहार ,",,,
मैं गुर्जर की में रहता हूं और और यहां पर चुने की बस्ती में रहता हूं,,,,
मोहम्मद जुबेर मंसूरी अकारू कानपुर देहात उत्तर प्रदेश,"कानपुर देहात उत्तर प्रदेश ,",,,
इलाहाबाद में इलाहाबाद में रहते,"इलाहाबाद ,इलाहाबाद ,",,,
नागपुर,"नागपुर ,",,,
हेलो मेरा नाम मोहम्मद रफीक और मैं जिला महाराजगंज से बात कर रहा हूं यूपी,"महाराजगंज ,यूपी ,",,,
माय नेम इस सुमित स्टेट महाराष्ट्र डिस्ट्रिक्ट नांदेड,"महाराष्ट्र ,",,,
मेरा नाम प्रवीण है कर्नाटक के जिले में रहती हूं मैं जिसकी खातिर डिस्टिक आश्रम में रहती हूं,"कर्नाटक ,",,,
नीलम चंद कुमावत ए नजर से मिला और मेरे बिना भी जरूरी है,,,,
जहांपुर विनोद सर प्रदेश,,,,
 लाल किला नागपुर जिला,"नागपुर जिला ,",,,
राज्य कौन सा है बनारस में उत्तर प्रदेश वाराणसी वाराणसी गोंडा यूपी आजमगढ़ का रहने वाला हूं और हैदरपुर कराना संग्राम रहता हूं,"बनारस ,उत्तर प्रदेश वाराणसी वाराणसी , गोंडा यूपी आजमगढ़ ,",,,
पश्चिम बंगाल भानपुर भानपुर पश्चिम बंगाल,"पश्चिम बंगाल ,भानपुर पश्चिम बंगाल ,",,,
इलाहाबाद,"इलाहाबाद ,",,,
उत्तर प्रदेश के वाराणसी जिले से,"उत्तर प्रदेश ,वाराणसी ,",,,
कर्नाटका बिदार डिस्टिक कर्नाटका  कर्नाटका डिस्ट्रिक्ट,,,,
लखन मैं गांव में रहता हूं मधुबनी जिला जयनगर प्रखंड बयाना गांव लेकिन हमारे यहां हर घर में शौचालय और विषय में जानकारी,"मधुबनी ,जयनगर प्रखंड बयाना ,",,,
मेरा नाम विवेक है मैं आगरा का लाल किला आगरा में रहता हूं,"आगरा ,आगरा ,",,,
मेरा गांव मेरे देश के लोगों के द्वारा राजस्थान में मेरा पता एड्रेस कैसे मेरे को बुला ले उसको मिस,"राजस्थान ,",,,
हेलो,,,,
हमारा नाम नवीन भाई है हम राजकोट गुजरात से बोल रहे हैं,"राजकोट गुजरात ,",,,
जिला जिला की नारी पड़ेगा और रेट बढ़ेगा दिल्ली,"जिला ,दिल्ली ,",,,
मैं मेरा नाम जोगेंद्र सिंह राठौर है मैं जान से स्कूल में रहता हूं झारखंड प्रांत में जिला का नाम में पूर्वी सिंहभूम और प्रखंड का नाम है मारी चुनरी को जमशेदपुर 1009,"झारखंड प्रांत ,सिंहभूम ,जमशेदपुर ,",,,
महाराष्ट्र महाराष्ट्र,"महाराष्ट्र महाराष्ट्र ,",,,
मेरा नाम श्याम कुशवाहा में मैं बिहार कराने बिहार राज्य और राज्य और सिवान जिले का रहने वाला हूं,"बिहार ,बिहार ,सिवान जिले ,",,,
मेरठ यूपी नाम संगीता,"मेरठ यूपी ,",,,
गाजीपुर उत्तर प्रदेश,"गाजीपुर उत्तर प्रदेश ,",,,
मैं आश्रम से बाहर गांव में रहती हूं मेरा नाम शिल्पा विश्वास,,,,
ग्राम पंचायत बावड़ी मधुबनी बिहार 18 जनवरी बिहार मधुबनी,"मधुबनी बिहार , बिहार मधुबनी ,",,,
रीवा जिला मध्य प्रदेश,"रीवा जिला मध्य प्रदेश ,",,,
नागपुर महाराष्ट्र,"नागपुर महाराष्ट्र ,",,,
नागपुर महाराष्ट्र,"नागपुर महाराष्ट्र ,",,,
जिला रायसेन मध्य प्रदेश जिला रायसेन मध्य प्रदेश जिला रायसेन मध्य प्रदेश,"रायसेन मध्य प्रदेश , रायसेन मध्य प्रदेश , रायसेन मध्य प्रदेश ",,,
हेलो,,,,
मेरा नाम सुमन है बांदा यूपी में रहती हूं और कुछ पूछना है,"बांदा यूपी ,",,,
श्रीकाकुलम मेरे नाम मनीषा,"श्रीकाकुलम ,",,,
नागपुर नागपुर महाराष्ट्र नागपुर महाराष्ट्र,"नागपुर नागपुर महाराष्ट्र नागपुर महाराष्ट्र ,",,,
बस्ती मंडल बांकुड़ा जिला सच्ची महाराजा कॉलेज विष्णुपुर,"बांकुड़ा , विष्णुपुर ,",,,
सट्टा प्रदेश,,,,
नमस्कार मेरा नाम रोहित कुमार यादव मैं फिलहाल रहा हूं और हां मैं चाहता हूं कि इस तरफ से साफ सफाई करते रहे,,,,
मेरा नाम राधिका कुमारी प्रजापति रेनवाल,,,,
हेलो मेरा नाम सुंदरलाल है जी और विलेज अधिका डिस्टिक सिरमौर पोस्ट ऑफिस हिमाचल प्रदेश  मध्य प्रदेश के बोल रहा हूं,"हिमाचल प्रदेश , मध्य प्रदेश ,",,,
मेरा नाम दीप जला ले जिले के बोल रहा हूं कि वह नंबर दो,,,,
गंजाम जिले के उड़ीसा,"गंजाम जिले ,उड़ीसा ,",,,
रीवा जिला मध्य प्रदेश,"रीवा जिला मध्य प्रदेश ,",,,
हेलो मैं पूनम से बात करा देना  आंख मारे,,,,
शहडोल शहर मध्य प्रदेश,"शहडोल ,मध्य प्रदेश ,",,,
कौशांबी लालापुर  गांधी टायर्स,"कौशांबी ,",,,
काशीपुर जिला अर्शी,"काशीपुर ,",,,
सूरत,,,,
जीना जीना न्यू भोजपुरी,"भोजपुरी ,",,,
जयपुर राजस्थान जयपुर राजस्थान में,"जयपुर राजस्थान जयपुर राजस्थान ,",,,
रिकॉर्ड्स ना हो हमारे जवान हो आपका कॉल होल्ड,,,,
नमस्कार मेरा नाम है मैं 9 मार्च जिला इटावा यूपी से,"जिला इटावा यूपी ,",,,
मेरा मेरा नाम मेरा मेरा नाम सीमा पाठक है मेरे जिले का नाम है बहराइच उत्तर प्रदेश पर आने वाले हैं हम,"बहराइच उत्तर प्रदेश ,",,,
हम बुरहानपुर में मध्य प्रदेश मध्यप्रदेश में बुरहानपुर  सुल्तानपुर के अंदर शाही जामा मस्जिद के पास,"बुरहानपुर ,मध्य प्रदेश मध्यप्रदेश ,बुरहानपुर , सुल्तानपुर ,",,,
हेलो का इलाज में रहते हैं अब मेरा मेरा नाम सिमरन,,,,
न्यू रायपुर छत्तीसगढ़,"न्यू रायपुर छत्तीसगढ़ ,",,,
माय नेम इज सुनील नामदेव एमपी छतरपुर ग्राम व पोस्ट खंडवा,"छतरपुर ,खंडवा ,",,,
हेलो  लगाओ,,,,
मां दुर्गा जी से बात कर रहा हूं और मेरा नाम है आपका मुझे तो बहुत अच्छा लगता है और यहां और हमारे गांव में नाम चलता है,,,,
जबलपुर मध्य प्रदेश  जबलपुर मध्य प्रदेश,"जबलपुर मध्य प्रदेश ,  जबलपुर मध्य प्रदेश",,,
मेरा नाम बोलिए मैं बनारस से,"बनारस ,",,,
मेहंदी संचलन बोल रहा हूं मैं अच्छी तरह से बोल रहा हूं मैं यह सोच कर पाया महीना सोच कैसी है तो खेतों में जाते हैं छोटे बड़े गांव में,,,,
  जलाल हो गांव चकरपुर छोरी जिला नो गांव फतेहपुर खीरी नासिक,"जिला ,फतेहपुर खीरी नासिक ,",,,
राधा कृष्ण  सर जी कथा,,,,
जी हम कश्मीर से बोल रहे हैं और कश्मीर उसका नाम भी रहते हैं,"कश्मीर ,कश्मीर ,",,,
जिला जयपुर राज्य राजस्थान,"जिला जयपुर ,राजस्थान ,",,,
मेरा नाम विजय पाल है वह पूरा में रहता हूं अगरतला जिले के स्टेट का घटना जो मेरा नाम विशाल है,"अगरतला ,",,,
मेरा नाम मोहम्मद असलम अंसारी है मैं नागपुर के विदेश में हूं गांव से बोल रहा हूं,"नागपुर ,",,,
आयुर्वेद बरेली यूपी,"आयुर्वेद बरेली यूपी ,",,,
गोरखपुर नाम संचिता गुप्ता नाम संचिता गुप्ता गोरखपुर,"गोरखपुर , संचिता गुप्ता गोरखपुर ,",,,
जम्मू जम्मू एंड कश्मीर,"जम्मू जम्मू एंड कश्मीर ,",,,
झारखंड पुलिस सिंबल,"झारखंड ,",,,
मेरा नाम साकेत कैलेंडर में पड़े हुए हैं,"साकेत ,",,,
बिरला फ्रॉम महाराष्ट्र इंडिया,"बिरला ,",,,
वाराणसी,"वाराणसी ,",,,
मेरे नजरिए प्रोजेक्ट,,,,
गोरा चाल का,,,,
 महिला बचत गट दंतेवाड़ा से बिलॉन्ग करता हूं मेरा नाम,"दंतेवाड़ा ,",,,
नागपुर  नागपुर  नागपुर,"नागपुर ,  नागपुर,  नागपुर",,,
छपरा जिला,"छपरा जिला ,",,,
हेलो,,,,
मैं भी अपने मुंह से बोल रही हूं मेरा उत्तर प्रदेश जिला बहराइच में नरेना पुर गांव में है और मेरा नगर से बोल रही हूं,"उत्तर प्रदेश ,बहराइच ,",,,
मैं हेमंत शर्मा मैं राजस्थान से हूं और जयपुर से हूं अलवर से सॉरी,"राजस्थान ,जयपुर ,अलवर ,",,,
राज बिहार जिला मधुबनी  गांव के चट्टी वार्ड नंबर 31 मामलों के परिवार को खोले खुलेआम में शौच करने के लिए जाना पड़ता है और सरकार की चलाई गई,"बिहार जिला मधुबनी ,",,,
मैं राजेश वर्मा सोचा गाना गांव बिष्णुगढ़ प्रखंड जिला हजारीबाग झारखंड से फोन कहां,"प्रखंड ,हजारीबाग झारखंड ,",,,
नागपुर महाराष्ट्र नागपुर में,"नागपुर महाराष्ट्र , नागपुर",,,
मेरा नाम रिया सेन और मैं बोलिए सिवान जिला से और क्या उम्मीद की जा सकती है सीरियल बहुत अच्छा बहुत प्यारा है और हम बातें करना चाहते हैं कुछ बातें कर आइए हम भी शामिल होना चाहते हैं आई हो कि हमको बातें करा ली जाती हो और मेरा,"सिवान जिला ,",,,
 हेलो जिला अमरोहा,"अमरोहा ,",,,
अमरपुर के गाने,,,,
 अनीता देवी पति राजेश्वर मास्टर विष्णुगढ़ हजारीबाग झारखंड प्रदेश से बोल रही हूं,"विष्णुगढ़ हजारीबाग झारखंड प्रदेश ,",,,
बिल्ली और मीडिया पड़ेगा नोट दिल्ली तीस हजारी,"दिल्ली ,",,,
श्रवण कुमार स्पर्श राजकीय दृष्टिबाधित बालक इंटर कॉलेज प्रतापपुर बराल मेरठ में कक्षा 9 का छात्र हूं वर्ष में शाहजहांपुर जिले के बंडा ब्लाक के भरी बरा गांव में रहता हूं,"प्रतापपुर ,मेरठ ,शाहजहांपुर जिले ,",,,
अभिषेक रंजन सिंहा बर्नपुर वेस्ट बंगाल  अभिषेक रंजन सिंहा वन टू वेस्ट बंगाल,"अभिषेक रंजन सिंहा बर्नपुर वेस्ट बंगाल , वेस्ट बंगाल ,",,,
 किला शिमला,"शिमला ,",,,
गंगाधर तिलक,,,,
मैं महाराष्ट्र हिंगोली जिला से बात कर रहा हूं,"महाराष्ट्र हिंगोली जिला ,",,,
राजस्थान जयपुर  नीरज गुप्ता,"राजस्थान जयपुर ,",,,
मांगो गार्डन कृष्णा नगर जमशेदपुर,"जमशेदपुर ,",,,
राजस्थान,"राजस्थान ,",,,
मैं दीवानी बाजार में रहता हूं वर्तमान जिला में,"जिला ,",,,
लालू को गोबर जिला बनासकांठा गुजरात,"गुजरात ,",,,
साथ में दाखिला के साथ में चले और राजबाला रसिया पर बात करना चाहती हूं कि,,,,
गोपालगंज बिहार,"गोपालगंज बिहार ,",,,
उत्तर प्रदेश एटा टू कानपुर देहात मोहम्मद विधायक मंसूरी,"उत्तर ,एटा टू कानपुर ,",,,
हम आपको लगे रहते हैं महाराष्ट्र के पूरा जूना शहर अकोला,"महाराष्ट्र ,जूना ,अकोला ,",,,
हेलो  हेलो,,,,
जिला मेरठ तहसील मवाना पुराना सुना दो  पाद मरो नाम संजय कुमार,"मेरठ ,",,,
राजपूत स्टेटस,,,,
 लगाना डिस्टिक तेलंगाना स्टेट रिजल्ट,"तेलंगाना ,",,,
राजस्थान,"राजस्थान ,",,,
नमस्कार मैं भजन लाल यादव जनपद अमेठी उत्तर प्रदेश ग्राम पुरे राघव पंडित का निवासी हूं और मैं कुछ भी कर सकती हूं धारावाहिक को नहीं मिलता हूं और मुझे बहुत अच्छा लगता है यह प्रोग्राम और इस पर जो जागरूकता कार्यक्रम जो आयोजित किया जाता है आते,"अमेठी उत्तर प्रदेश ,",,,
मैं सारा ब्रदर कालीबाड़ी मंदिर बंगाली कॉलोनी सरकंडा से बोर्ड बिलासपुर से बोल रहा हूं छत्तीसगढ़,"बिलासपुर ,छत्तीसगढ़ ,",,,
नागपुर,"नागपुर ,",,,
मैं मजदूर हूं,,,,
मेरा नाम मोहम्मद,,,,
जम्मू कश्मीर बारामुला,"जम्मू कश्मीर ,",,,
हेलो मैं गजेंद्र कुमार और मैं यूपी डिस्ट्रिक्ट बुलंदशहर से बोल रहा हूं धन्यवाद,"यूपी ,बुलंदशहर ,",,,
नागपुर,"नागपुर ,",,,
सुनील तिवारी जनपद गोंडा 9794 22  सुनील तिवारी,,,,
पानी पानी,,,,
अंकुश आप कहां रहते हो  हेलो हेलो हेलो,,,,
राधा कुमारी प्रजापति है,,,,
बनारस जिला उत्तर प्रदेश जबलपुर तो ताड़ी खाना चाहिए,"बनारस ,उत्तर प्रदेश जबलपुर ,",,,
अकोला महाराष्ट्र,"अकोला महाराष्ट्र ,",,,
कठूमर अलवर अलवर जिला राजस्थान राज्य,"अलवर अलवर जिला राजस्थान ,",,,
कौशांबी उत्तर प्रदेश,"कौशांबी उत्तर प्रदेश ,",,,
मेरा नाम संदीप है डिस्ट्रिक्ट झज्जर हरियाणा गांव पाटोदा में रहता हूं और मेरे परिवार में जो कुछ करना चाहिए,"झज्जर हरियाणा ,",,,
किशोर सेवा में रहता हूं,,,,
अमरावती शोभा नगर सोहर,"अमरावती ,",,,
अरे रात को जिले में रहता हूं और मैं घर में हूं और महिला का नाम  हेलो,,,,
राजकोट गुजरात,"राजकोट गुजरात ,",,,
गांव में प्रतापगढ़ जिला,"प्रतापगढ़ जिला ,",,,
नमस्कार मैं सोनू कुर्वे नया रायपुर छत्तीसगढ़ से बात कर रहा हूं,"रायपुर छत्तीसगढ़ ,",,,
 सही है उसने अभी आपकी कॉल को होल्ड पर रखा है इमेज जिस व्यक्ति से आप बात कर रहे हैं उसमें अभी आपकी कॉल को होल्ड पर रखा है इस वर्ष निवासी कुवैत,"कुवैत ,",,,
नमस्कार मेरा नाम श्रवण कुमार मौर्य मास्टर्स राजकीय दृष्टिबाधित बालक इंटर कॉलेज परतापुर बराल मेरठ उत्तर प्रदेश में कक्षा 9 का छात्र व शाहजहांपुर,"मेरठ उत्तर प्रदेश ,",,,
मैं सुषमा कुमारी की फोटो 3 वाट विकारों से तेनुघाट परिवार प्रखंड जिला बोकारो वापी की रहने वाली निवासी है सुषमा कुमारी,"प्रखंड ,बोकारो वापी ,",,,
मारवाड़ी,"मारवाड़ी ,",,,
हमारा नाम नाथूलाल रंगीला ग्राम मऊ जिला सोनभद्र उत्तर प्रदेश बोल रहा हूं  मैं यहीं से बोल रहा हूं  आपको नमस्कार धन्यवाद जो जो मेरे पास था वह सारे चीज बता दिया हूं अब तक,"मऊ ,सोनभद्र उत्तर प्रदेश ,",,,
यवतमाल प्रॉपर्ली प्रॉपर यवतमाल महाराष्ट्र स्टेट,"यवतमाल ,यवतमाल महाराष्ट्र ,",,,
जबलपुर मध्य प्रदेश के खुशी पटेल बोल रही है हम जबलपुर पर रहते हैं और हम स्वास्थ्य करते हैं,"जबलपुर मध्य प्रदेश ,जबलपुर ,",,,
उड़ीसा राज्य की कहानी जिले में रहती हूं और मेरा स्वास्थ्य,"उड़ीसा ,",,,
हेलो,,,,
नागपुर जिले की जाति नगर गांव में रहता हूं और मेरा नाम मोहम्मद अशफाक अंसारी है,"नागपुर ,",,,
मेरा नाम विशाल है मैं रहता हूं,,,,
 लूणा बाइक छोटा ताजबाग नागपुर,"नागपुर ,",,,
नया जिला छतरपुर गांव चौका मध्य प्रदेश जिला छतरपुर गांव,"छतरपुर , मध्य प्रदेश ,छतरपुर ,",,,
बिहार में रोहतास जिला रोहतास,"बिहार ,रोहतास ,रोहतास ,",,,
नेट जिला जालौन उत्तर प्रदेश ग्राम सिंधी में रहता हूं,"नेट ,जालौन उत्तर प्रदेश ,सिंधी ,",,,
 मैं हूं कुमारी प्रखंड पेटरवार ब्लॉक बोकारो झारखंड की रहने वाली है,"ब्लॉक बोकारो झारखंड ,",,,
मैं पंजाब में रहती हूं और मेरा नाम देव है खुले में शौच करने से प्राप्त होता है  हमारे जिले का नाम है फगवाड़ा,"पंजाब ,",,,
हेलो नमस्कार ने मेवात हरियाणा से बिलॉन्ग करता हूं मेरा नाम मोहम्मद इस्माइल,"मेवात हरियाणा ,",,,
मेरठ उत्तर प्रदेश दुर्गाकुंड वाराणसी में विश्वकर्मा ने आप लोगों के सर्वे में भाग लेता हूं,"मेरठ उत्तर प्रदेश ,वाराणसी ,",,,
मैं मंदिर में रहती है और इंसान लेकिन बाहर जाना चाहिए,,,,
आई टेस्टिंग डॉट जब लिपिस्टिक जिला टॉप लिस्ट,,,,
हम उत्तर प्रदेश राज्य के मिर्जापुर जिले में रहते हैं  हमारे गांव का नाम गाने,"उत्तर प्रदेश ,मिर्जापुर जिले ,",,,
इतिहास को स्कूटी वन होल,,,,
वाराणसी,"वाराणसी ,",,,
नागपुर महाराष्ट्र महाराष्ट्र में नागपुर  महाराष्ट्र में नागपुर में,"नागपुर महाराष्ट्र , महाराष्ट्र ,नागपुर , महाराष्ट्र ,नागपुर ,",,,
तिलक नगर ना,,,,
मुकेश कुमार मुकेश कुमार,,,,
रीवा एमपी रीवा एमपी,"रीवा , रीवा ,",,,
हेलो मोहाली चंडीगढ़ मोहाली पंजाब,"मोहाली चंडीगढ़ मोहाली पंजाब ,",,,
बारामुला रसिया,,,,
मेरा नाम राम यादव ग्राम पोस्ट बरगढ़ जिला चित्रकूट  करीब करीब इस समय शौचालय बन चुके हैं और शौचालय में कितने शौचालय बन चुके हैं,"बरगढ़ ,चित्रकूट ,",,,
वर्धा जिला नागपुर,"वर्धा जिला नागपुर ,",,,
रतनगढ़,,,,
बठिंडा पंजाब,"बठिंडा पंजाब ,",,,
सतारा महाराष्ट्र जिला जिला सातारा महाराष्ट्र,"सतारा महाराष्ट्र जिला जिला सातारा महाराष्ट्र ,",,,
उज्जैन मध्य प्रदेश,"उज्जैन मध्य प्रदेश ,",,,
मेरा नाम सीमा है उत्तर प्रदेश में रहती हूं मेरे जिले का नाम बहराइच और मेरे गांव का नाम नरेना पुर है,"उत्तर प्रदेश ,बहराइच ,",,,
गांव में प्रतापगढ़ जिले में,"प्रतापगढ़ ,",,,
हेलो मेरा नाम प्रियांशी है मैं दिल्ली से बात कर रही हूं,"दिल्ली ,",,,
हेलो,,,,
बाड़मेर राजस्थान,"बाड़मेर राजस्थान ,",,,
आंध्र प्रदेश विद्युत स्टेशन पर कुर्बान का  सनम कौसर बानो,"आंध्र प्रदेश ,",,,
उत्तर प्रदेश अकारू कानपुर देहात मेरा नाम मोहम्मद जुबेर,"उत्तर प्रदेश ,कानपुर देहात ,",,,
मेरा नाम मीनाक्षी नंदन पुरा जिला मेरठ से रहने वाली हूं,"मीनाक्षी नंदन पुरा ,मेरठ ,",,,
 बार्बी डॉल की फेसबुक पाकिस्तान ज्योतिष,"पाकिस्तान ,",,,
हेलो  हेलो,,,,
व्हाट हैपेंड फॉर जॉन होम्स,,,,
फ्लोर,,,,
हेलो,,,,
मेरा नाम,,,,
तालुका सिरोही दरगाह  जिला कोल्हापुर,"सिरोही ,कोल्हापुर ,",,,
नंबर दो नागपुर,"नागपुर ,",,,
कश्मीर में कश्मीर में,"कश्मीर , कश्मीर",,,
मेरा नाम वीरेंद्र कुमार है मैं ग्राम पंचायत डिस्टिक हमीरपुर तहसील मौदहा का निवासी हूं  मेरा फोन नंबर 1454 525 245 पर एक नंबर अच्छा लगता है इसके द्वारा कोई भी जानकारी,"मौदहा ,",,,
मैं जम्मू क्षेत्र में रहती हूं और मेरे जिले जिले का नाम कुछ हुआ है,"जम्मू ,",,,
मैं उड़ीसा बरहमपुर में रहता हूं,"उड़ीसा ,",,,
जयपुर बारिश और मेरे जूते और बता दो,"जयपुर ,",,,
पश्चिम बंगाल,"पश्चिम बंगाल ,",,,
हम शहर में रहते हैं मेरा नाम तानिया लालवानी है मेरे साथ है,,,,
अल्लाह,,,,
सही प्रधान बरेली जिला रायसेन मध्य प्रदेश जिला रायसेन मध्य प्रदेश,"बरेली जिला रायसेन मध्य प्रदेश , रायसेन मध्य प्रदेश ,",,,
अगर नगर प्रकाश माली का महाराष्ट्र अहमदनगर से महाराष्ट्र प्रकाशमणि जी का,"माली ,महाराष्ट्र अहमदनगर ,महाराष्ट्र ,",,,
गांव  हां क्या करने,,,,
नागपुर,"नागपुर ,",,,
नागपुर नागपुर नागपुर में रहते हैं,"नागपुर नागपुर , नागपुर ,",,,
नैनेश्वर में कटनी में रहती,"नैनेश्वर ,कटनी ,",,,
मेरा नाम नरेश मीणा ने ग्राम यादव जिला तहसील बस्सी जिला जयपुर राज्य राजस्थान में रहता हूं,"बस्सी जिला जयपुर ,राजस्थान , काशीपुर ,",,,
काशीपुर,"काशीपुर ,",,,
जम्मू कश्मीर न्यूज़,"जम्मू ,",,,
इलाहाबाद प्रयागराज इलाहाबाद प्रयागराज,"इलाहाबाद प्रयागराज इलाहाबाद प्रयागराज ,",,,
प्रोजेक्ट बनारस भोजपुरी फिल्म बनारस,"बनारस ,भोजपुरी ,बनारस ,",,,
कोई दिक्कत,,,,
उत्तर प्रदेश इलाहाबाद गांव सपोर्ट,"उत्तर प्रदेश इलाहाबाद ,",,,
राजस्थान जयपुर नीरज गुप्ता,"राजस्थान जयपुर ,",,,
 विकलांगों बोलपुर,"बोलपुर ,",,,
जिला कोरिया छत्तीसगढ़,"जिला कोरिया छत्तीसगढ़ ,",,,
रेशम बाग नागपुर,"नागपुर ,",,,
मेरा नाम आशा भारतीय रेल एंड रोड सुभाष पुरा बीकानेर से बोल रही माता जी के मंदिर के पास,"रोड सुभाष पुरा बीकानेर ,",,,
मेरा नाम सर्विसिंग कानून में संशोधन बोल रहा हूं मेरा जवाब यह है कि जब बात करते हैं तो सोच कर के कोई महिला है जो खाना खाते,,,,
लॉर्ड शिवा,,,,
रमेश चंद्र अजमेर राजस्थान पर,"रमेश चंद्र अजमेर राजस्थान ,",,,
नमस्कार मैडम ने सतीश यादव बात करो ना मध्य प्रदेश के भोपाल से मध्य प्रदेश में रहता धन्यवाद,"मध्य प्रदेश ,भोपाल ,मध्य प्रदेश ,",,,
गुजरात से बोल रही हूं गुजरात में राजकोट जिला आता है राजकोट में रहती हूं मेरा नाम क्या है पहले से देख रही हूं अच्छा लगा,"गुजरात ,गुजरात ,राजकोट जिला ,राजकोट ,",,,
हिंदी में मांस के कौशांबी उत्तर प्रदेश से बोल रहा हूं,"कौशांबी उत्तर प्रदेश ,",,,
जम्मू-कश्मीर कुलगाम,"जम्मू ,कश्मीर ,",,,
ग्राम पोस्ट चौका जिला छतरपुर मध्य प्रदेश  ग्राम पोस्ट चौका जिला छतरपुर मध्य प्रदेश,"जिला छतरपुर मध्य प्रदेश ,जिला छतरपुर मध्य प्रदेश ,",,,
मैं डिस्ट्रिक्ट दिग्रस तालुका डिग्रस डिस्टिक यवतमाल महाराष्ट्र स्टेट धन्यवाद,"यवतमाल महाराष्ट्र ,",,,
सपना नाम की राशि,,,,
मेरा नाम संदीप कुमार है जिला मेरठ राज्य उत्तर प्रदेश का रहने वाला हूं गांव धनपुरा,"जिला मेरठ ,उत्तर प्रदेश ,",,,
जी हां मेरा नाम रोहित कुमार यादव मैं इस समय फिलहाल में वाराणसी में रह रहा हूं  और वैसे तो मैं गांव का निवासी हूं दोस्तों मेरे प्यारे भाइयों एवं बहनों मैं देश भक्ति,"वाराणसी ,",,,
जम्मू कश्मीर बारामुला,"जम्मू कश्मीर ,",,,
राज्य आंध्र प्रदेश जिला शिवपुर जिला मंडल मदन परी चौक का मेरा नाम कौन सा है  स्नेहा दीदी,"आंध्र प्रदेश ,शिवपुर जिला ,",,,
लखनऊ में रहती है,"लखनऊ ,",,,
आंध्र प्रदेश कडप्पा आंध्र प्रदेश,"आंध्र प्रदेश कडप्पा आंध्र प्रदेश ,",,,
शिल्पा शेट्टी ला नागौर राजस्थान,"नागौर राजस्थान ,",,,
बिहार राज्य,"बिहार ,",,,
नमस्कार मैं जिला मिर्जापुर में रहता हूं और उत्तर प्रदेश जिला मिर्जापुर में यह दुर्ग जिला इलाहाबाद के पास है जिला मिर्जापुर ग्राम जगन्नाथपुरा पोस्ट बांग्ला तहसील और ब्लॉक,"मिर्जापुर ,उत्तर प्रदेश ,मिर्जापुर ,दुर्ग जिला इलाहाबाद ,मिर्जापुर ,जगन्नाथपुरा ,",,,
पेंसिल  सेक्स,,,,
नागपुर महाराष्ट्र,"नागपुर महाराष्ट्र ,",,,
मैं बहुत बार जिला मुजफ्फरपुर ब्लॉक,"मुजफ्फरपुर ,",,,
सरदार सिंह लोधी ग्राम क्रिकेट में रहता हूं और धीरज जिला तहसील खनियाधाना जिला शिवपुरी मध्य प्रदेश,"खनियाधाना जिला शिवपुरी मध्य प्रदेश ,",,,
फना पिक्चर का गाना राजस्थानी,,,,
मध्य प्रदेश जबलपुर सेक्सी,"मध्य प्रदेश जबलपुर ,",,,
इसके बाद रिकॉर्ड करवाएं  राम,,,,
 मध्यप्रदेश भोपाल के अंदर व शक्ति नगर गुप्तेश्वर मध्य प्रदेश जबलपुर इंदिरा नगर गुप्तेश्वर राजू पटेल राशन के पास,"मध्यप्रदेश भोपाल ,मध्य प्रदेश जबलपुर ,",,,
पथरिया जिला दमोह पास नंबर दो  सेक्सी,"पथरिया जिला दमोह ,",,,
मेरा नाम श्रवण कुमार मौर्या है वापस राजकीय दृष्टिबाधित बालक इंटर कॉलेज परतापुर बराल मेरठ में कक्षा 9 का छात्र हूं वास्तव में शाहजहांपुर जिले का रहने वाला,"मेरठ ,शाहजहांपुर ,",,,
वाराणसी,"वाराणसी ,",,,
ग्राम निगमा पोस्ट निगमा थाना कोटा जिला अरवल बिहार भारत मुकेश कुशवाहा,"निगमा ,कोटा जिला अरवल बिहार भारत ,",,,
उत्तर प्रदेश कौशांबी,"उत्तर ,कौशांबी ,",,,
बैकग्राउंड मटके में रहती हूं फिर पाली जिला उमरिया है राज का नाम,"उमरिया ,",,,
आसनसोल आसनसोल पश्चिम बंगाल,"आसनसोल,आसनसोल पश्चिम बंगाल ,",,,
प्रयागराज उत्तर प्रदेश,"प्रयागराज उत्तर प्रदेश ,",,,
मध्य प्रदेश के गुना जिले की कुछ मोरा गांव में रहते हैं  मध्य प्रदेश के गुना जिले के खेरवाड़ा गांव में रहते हैं,"मध्य प्रदेश , मध्य प्रदेश ,",,,
हम जयपुर में रहते हैं हम रहने वाले गांव से हैं लेकिन हमारे पापा जयपुर में काम करते हैं कंपनी में हम पूरा परिवार जयपुर में रहते हैं हमारी मम्मी है पांच भाई है तेरे पापा है कमाने वाली दो बहन और भाई पढ़ने जाता है और दो वे नो,"जयपुर ,जयपुर ,जयपुर ,",,,
राज्य महाराष्ट्र जिला कोल्हापुर,"महाराष्ट्र ,कोल्हापुर ,",,,
मेरा नाम तनुज है नगर हिमाचल प्रदेश मंडी जिले में  हरियाणवी में पांडु पोस्ट ऑफिस हमारा गांव है तहसील सदर है,"हिमाचल प्रदेश मंडी जिले , ऑफिस ,",,,
डिस्ट्रिक्ट औरंगाबाद महाराष्ट्र,"औरंगाबाद महाराष्ट्र ,",,,
माय नेम इज रुखसाना अनंतराम वारंगल तेलंगाना स्टेट,"वारंगल तेलंगाना ,",,,
मेरठ उत्तर प्रदेश,"मेरठ उत्तर प्रदेश ,",,,
बैंक आफ महाराष्ट्र,"महाराष्ट्र ,",,,
राजस्थान के जयपुर जिले में,"राजस्थान ,जयपुर ,",,,
बलरामपुर जिला उत्तर प्रदेश,"बलरामपुर जिला उत्तर प्रदेश ,",,,
डिस्ट्रिक्ट यवतमाल महाराष्ट्र यवतमाल जिले के ग्रामीण भाग,"यवतमाल महाराष्ट्र यवतमाल जिले ,",,,
विदेशी लाल,,,,
नाम वीरेंद्र गंधर्व राज्य छत्तीसगढ़ जिला राजनांदगांव तहसील राजनांदगांव,"छत्तीसगढ़ ,राजनांदगांव ,राजनांदगांव ,",,,
मेरा नाम संदीप है मैं डिस्ट्रिक्ट झज्जर हरियाणा गांव वडोदरा में रहता हूं और मैं रोहतक में जॉब करता हूं संगीत मास्टर मेरी उम्र 32 साल के मुझे खुले में शौच करना बिल्कुल और मैं भी यही चाहता हूं कि खुले रोशनी करने की गंदगी फैलती है की साफ-सफाई सोचालय की जिम्मेवारी,"झज्जर हरियाणा ,वडोदरा ,रोहतक ,",,,
सुंदर गुर्जर,,,,
यूपी के जिले  एमपी इलेक्ट्रिशियन जॉब,"यूपी ,",,,
हेलो मैं डालटेनगंज में रहती हूं,,,,
मिस्टर भोला यादव स्टेट बिहार डिस्ट्रिक्ट मंदिर वार्ड नंबर 14 पट्टी मिस्टर भोला यादव बिहार सरकार के पहले प्रधानमंत्री है जो सरकार की,"बिहार ,",,,
मेरा नाम पूनम है और मैं न्यू दिल्ली में रहती हूं,"न्यू दिल्ली ,",,,
बठिंडा पंजाब,"बठिंडा पंजाब ,",,,
नमस्कार मैं सोनू कुर्रे नया रायपुर छत्तीसगढ़ से बात कर रहा हूं,"रायपुर छत्तीसगढ़ ,",,,
ललित कुमार डिस्ट्रिक्ट हरियाणा गांव पटौदी में शौच ना करें शुक्रिया,"हरियाणा ,",,,
मैं उत्तर प्रदेश के गोरखपुर जिले के महेश्वर कौन से बोल रही है,"उत्तर प्रदेश ,गोरखपुर ,महेश्वर ,",,,
मेरा नाम मेरा नाम सुनील मिश्रा ग्राम पोस्ट सिरौली थाना विजयपुर जिला समस्तीपुर बिहार राज,"विजयपुर जिला समस्तीपुर बिहार ,",,,
हेलो हेलो,,,,
जिला बस्तर छत्तीसगढ़ में रहता हूं आवाज लैंड स्कूल,"जिला बस्तर छत्तीसगढ़ ,",,,
हेलो मैं नाम कुमार है मैं जान गोरी बड़ा जिला सिरमौर वालिए  मैं एक,,,,
नाम जूही सिंह और गोपालगंज जिला थावे गोपालगंज पड़ता है और घर का नाम विधि और क्या नाम है पुलिस थाना खजूरी थैंक्यू इतना बताने खिलाने बैठने की बातें कर,"गोपालगंज जिला ,गोपालगंज ,",,,
अमरावती जिले में,"अमरावती ,",,,
सीतापुर कोकिला माई कंट्री कोड 84 महाराज की,"सीतापुर ,",,,
हेलो हेलो,,,,